{"cameraMode":{"drawMode":0,"name":"Shaded","section":"Shading Mode"},"sceneLighting":true,"audioPlay":false,"sceneViewState":{"m_AlwaysRefresh":false,"showFog":false,"showSkybox":false,"showFlares":false,"showImageEffects":false,"showParticleSystems":false,"showVisualEffectGraphs":false,"m_FxEnabled":true},"in2DMode":false,"pivot":{"x":-0.009110689163208008,"y":1.4500000476837159,"z":-27.759349822998048},"rotation":{"x":0.1749386340379715,"y":0.0022356840781867506,"z":0.0004565435810945928,"w":0.9847594499588013},"size":1.4904770851135255,"orthographic":false}