{"cameraMode":{"drawMode":0,"name":"Shaded","section":"Shading Mode"},"sceneLighting":false,"audioPlay":false,"sceneViewState":{"m_AlwaysRefresh":false,"showFog":false,"showSkybox":false,"showFlares":false,"showImageEffects":false,"showParticleSystems":false,"showVisualEffectGraphs":false,"m_FxEnabled":true},"in2DMode":false,"pivot":{"x":0.46361014246940615,"y":1.6156374216079713,"z":-11.20694351196289},"rotation":{"x":0.13342919945716859,"y":-0.0037506958469748499,"z":0.0012095518177375198,"w":0.9912184476852417},"size":2.1183369159698488,"orthographic":false}